protein,chain,residue,residue_name,score
folded,B,1,E,-2.0909
folded,B,2,V,-1.3699
folded,B,3,Q,-1.2678
folded,B,4,L,0.0000
folded,B,5,L,0.9713
folded,B,6,E,0.0000
folded,B,7,S,-0.2822
folded,B,8,G,-0.6642
folded,B,9,G,0.0920
folded,B,10,G,0.8183
folded,B,11,L,1.4961
folded,B,12,V,0.0782
folded,B,13,Q,-1.1408
folded,B,14,P,-1.2658
folded,B,15,G,-1.4066
folded,B,16,G,-1.1748
folded,B,17,S,-1.3465
folded,B,18,L,-1.1788
folded,B,19,R,-2.2268
folded,B,20,L,0.0000
folded,B,21,S,-0.4647
folded,B,22,C,0.0000
folded,B,23,A,-0.1872
folded,B,24,A,0.0000
folded,B,25,S,-1.0246
folded,B,26,G,-1.1950
folded,B,27,F,-0.4973
folded,B,28,T,-0.2934
folded,B,29,F,0.0000
folded,B,30,S,-0.8113
folded,B,31,T,-0.4283
folded,B,32,A,0.0000
folded,B,33,T,0.0000
folded,B,34,F,0.0000
folded,B,35,G,0.0000
folded,B,36,W,0.0000
folded,B,37,V,0.0000
folded,B,38,R,0.0000
folded,B,39,Q,-0.5497
folded,B,40,A,-0.9400
folded,B,41,P,-1.0039
folded,B,42,G,-1.4465
folded,B,43,K,-2.2996
folded,B,44,G,-1.3602
folded,B,45,L,0.0000
folded,B,46,E,-0.8320
folded,B,47,W,0.0000
folded,B,48,V,0.0000
folded,B,49,S,0.0000
folded,B,50,G,0.0000
folded,B,51,I,0.0000
folded,B,52,T,0.0000
folded,B,53,A,-0.3785
folded,B,54,S,-0.2223
folded,B,55,G,0.0375
folded,B,56,T,0.6776
folded,B,57,V,1.6848
folded,B,58,L,0.0000
folded,B,59,P,0.4645
folded,B,60,S,-0.1425
folded,B,61,G,0.0000
folded,B,62,V,0.0000
folded,B,63,A,-1.2383
folded,B,64,H,-2.0277
folded,B,65,A,-1.4281
folded,B,66,E,-2.3934
folded,B,67,R,-1.9867
folded,B,68,F,0.0000
folded,B,69,T,-0.7781
folded,B,70,I,0.0000
folded,B,71,S,-0.2945
folded,B,72,R,-1.2434
folded,B,73,D,-1.9764
folded,B,74,N,-2.1581
folded,B,75,S,-1.8767
folded,B,76,K,-2.6193
folded,B,77,N,-2.0855
folded,B,78,T,0.0000
folded,B,79,L,0.0000
folded,B,80,Y,-0.6794
folded,B,81,L,0.0000
folded,B,82,Q,-1.5216
folded,B,83,M,0.0000
folded,B,84,N,-2.1323
folded,B,85,S,-1.7130
folded,B,86,L,0.0000
folded,B,87,R,-1.8005
folded,B,88,A,-0.8730
folded,B,89,E,0.0000
folded,B,90,D,0.0000
folded,B,91,T,0.2770
folded,B,92,A,0.0000
folded,B,93,V,0.6960
folded,B,94,Y,0.0000
folded,B,95,Y,0.0000
folded,B,96,C,0.0000
folded,B,97,A,0.0000
folded,B,98,R,-0.6903
folded,B,99,A,0.0000
folded,B,100,S,-0.8224
folded,B,101,G,-1.0425
folded,B,102,G,-0.9330
folded,B,103,G,-0.9548
folded,B,104,P,-0.6951
folded,B,105,I,-0.0578
folded,B,106,H,-1.2520
folded,B,107,D,-1.5033
folded,B,108,L,0.0000
folded,B,109,T,0.0000
folded,B,110,L,0.0000
folded,B,111,E,-1.0282
folded,B,112,H,-0.9717
folded,B,113,W,-0.6999
folded,B,114,G,0.0000
folded,B,115,Q,-1.2940
folded,B,116,G,0.0000
folded,B,117,T,0.5709
folded,B,118,L,1.6881
folded,B,119,V,0.0000
folded,B,120,T,0.4279
folded,B,121,V,-0.2905
folded,B,122,S,-0.8890
folded,B,123,S,-1.1383
folded,B,124,D,-1.6507
folded,B,125,I,-0.1301
folded,B,126,Q,-1.0641
folded,B,127,M,-0.6793
folded,B,128,T,-1.0557
folded,B,129,Q,0.0000
folded,B,130,S,-0.4871
folded,B,131,P,-0.5449
folded,B,132,S,-0.8496
folded,B,133,S,-1.0931
folded,B,134,L,-0.6586
folded,B,135,S,-0.8951
folded,B,136,A,0.0000
folded,B,137,S,-0.3282
folded,B,138,V,0.4693
folded,B,139,G,-0.7750
folded,B,140,D,-1.6253
folded,B,141,R,-2.2733
folded,B,142,V,0.0000
folded,B,143,T,-0.5833
folded,B,144,I,0.0000
folded,B,145,T,-0.6973
folded,B,146,C,0.0000
folded,B,147,R,-1.9278
folded,B,148,A,0.0000
folded,B,149,S,-1.3676
folded,B,150,Q,-1.8270
folded,B,151,S,-1.2971
folded,B,152,I,0.0000
folded,B,153,S,-0.7840
folded,B,154,S,-0.5140
folded,B,155,Y,-0.2985
folded,B,156,L,0.0000
folded,B,157,N,0.0000
folded,B,158,W,0.0000
folded,B,159,Y,0.0000
folded,B,160,Q,0.0000
folded,B,161,Q,0.0000
folded,B,162,K,-1.9585
folded,B,163,P,-1.2596
folded,B,164,G,-1.6993
folded,B,165,K,-2.6904
folded,B,166,A,-1.8229
folded,B,167,P,0.0000
folded,B,168,K,-2.1310
folded,B,169,L,0.0000
folded,B,170,L,0.0000
folded,B,171,I,0.0000
folded,B,172,Y,0.3676
folded,B,173,G,-0.0305
folded,B,174,G,0.0000
folded,B,175,G,-0.5373
folded,B,176,G,-0.2682
folded,B,177,A,0.1145
folded,B,178,L,0.2764
folded,B,179,H,-0.2360
folded,B,180,P,-0.4297
folded,B,181,G,-0.5176
folded,B,182,V,-0.3910
folded,B,183,P,-0.3291
folded,B,184,S,-0.3724
folded,B,185,R,-0.6813
folded,B,186,F,0.0000
folded,B,187,S,-0.3154
folded,B,188,G,-0.3016
folded,B,189,S,-0.8356
folded,B,190,G,-1.1295
folded,B,191,S,-1.0537
folded,B,192,G,-1.0829
folded,B,193,T,-1.6445
folded,B,194,D,-2.3694
folded,B,195,F,0.0000
folded,B,196,T,-0.7613
folded,B,197,L,0.0000
folded,B,198,T,-0.5860
folded,B,199,I,0.0000
folded,B,200,S,-1.2572
folded,B,201,S,-1.1704
folded,B,202,L,0.0000
folded,B,203,Q,-0.7800
folded,B,204,P,-0.5019
folded,B,205,E,-1.6276
folded,B,206,D,0.0000
folded,B,207,F,-0.5447
folded,B,208,A,0.0000
folded,B,209,T,-1.0788
folded,B,210,Y,0.0000
folded,B,211,Y,0.0000
folded,B,212,C,0.0000
folded,B,213,Q,0.0000
folded,B,214,Q,0.0000
folded,B,215,S,0.0000
folded,B,216,R,-1.5312
folded,B,217,S,-0.7120
folded,B,218,G,0.0000
folded,B,219,L,0.1200
folded,B,220,H,0.0000
folded,B,221,T,0.0000
folded,B,222,F,0.0000
folded,B,223,G,0.0000
folded,B,224,Q,-1.5922
folded,B,225,G,0.0000
folded,B,226,T,0.0000
folded,B,227,K,-1.9394
folded,B,228,L,0.0000
folded,B,229,E,-1.4262
folded,B,230,I,0.5478
folded,B,231,K,-1.0265
